date,user,is_retweet,is_quote,text,quoted_text
2021-07-28 01:03:26,caskito22,False,False,@V0TEILISH Hello! @Twitter and @TwitterSupport:

@billiesupdatess is avoiding suspension for hate speech. Suspend their account as soon as possible. Thanks!üòÅüñ§,
2021-07-28 01:03:36,PankajRainaKP,True,False,RT @ShefVaidya: Dear @metpoliceuk this person Allwyn D‚ÄôMello is a UK citizen who has used hate speech and sexually explicit language agains‚Ä¶,
2021-07-28 01:03:46,GeneTherapy68,False,False,@piersmorgan YOU ARE SPREADING HATE SPEECH AND PROMOTING MEDICAL TYRANNY &amp; APARTHEID - PLEASE UNDERSTAND THE MEANING OF ‚ÄòWITHOUT DISADVANTAGE OR PREJUDICE‚Äô OR GO AND JOIN THE NEO-NAZI PARTY https://t.co/YmGRxcZWPJ,
2021-07-28 01:03:55,caskito22,False,False,@piratebairdxa Hello! @Twitter and @TwitterSupport:

@billiesupdatess is avoiding suspension for hate speech. Suspend their account as soon as possible. Thank u‚ú®‚ú®‚ú®,
2021-07-28 01:04:16,Mamdhata,True,False,RT @ShefVaidya: Dear @metpoliceuk this person Allwyn D‚ÄôMello is a UK citizen who has used hate speech and sexually explicit language agains‚Ä¶,
2021-07-28 01:04:17,brickmetal,True,False,RT @MeghUpdates: Germany passes Legislation to Toughen 'Anti-Hate Speech Law' enabling Govt to Procure Data from Social Media Giants withou‚Ä¶,
2021-07-28 01:04:38,dateryuk,True,False,RT @byniyaiiiiiz: ‡πÄ‡∏£‡∏∑‡πà‡∏≠‡∏á hate speech ‡πÉ‡∏ô‡πÇ‡∏•‡∏Å‡πÇ‡∏ã‡πÄ‡∏ä‡∏µ‡∏¢‡∏• ‡∏°‡∏±‡∏ô‡∏ó‡∏≥‡πÉ‡∏´‡πâ‡πÄ‡∏™‡∏µ‡∏¢‡∏™‡∏∏‡∏Ç‡∏†‡∏≤‡∏û‡∏à‡∏¥‡∏ï‡πÑ‡∏î‡πâ‡∏à‡∏£‡∏¥‡∏á‡πÜ‡∏ô‡∏∞ ‡∏≠‡∏¢‡πà‡∏≤‡∏Ñ‡∏¥‡∏î‡∏ß‡πà‡∏≤‡πÑ‡∏°‡πà‡∏£‡∏π‡πâ‡∏à‡∏±‡∏Å‡πÅ‡∏•‡πâ‡∏ß‡∏à‡∏∞‡∏ó‡∏≥‡∏≠‡∏∞‡πÑ‡∏£ ‡∏à‡∏∞‡∏û‡πà‡∏ô‡∏Ñ‡∏≥‡πÅ‡∏¢‡πà‡πÜ‡πÉ‡∏™‡πà‡∏¢‡∏±‡∏á‡πÑ‡∏á‡∏Å‡πá‡πÑ‡∏î‡πâ‚Ä¶,
2021-07-28 01:04:42,najwatasqtsales,False,False,@sixfeetnasty Hello! @Twitter and @TwitterSupport:

@billiesupdatess is avoiding suspension for hate speech. Suspend their account as soon as possible. Thank u,
2021-07-28 01:04:54,SAM2060520990,True,False,RT @asfreeasjafri: "Yati also said that jail is like a temple for him and his other fellow sadhus. The reason behind this could be that per‚Ä¶,
2021-07-28 01:04:55,ibestshestan,False,False,Hi! @Twitter and @TwitterSupport:

@billiesupdatess is avoiding suspension for hate speech. Suspend their account as soon as possible. Thank you ü§≤üèª,
